{"stats":{"minecraft:killed_by":{"minecraft:player":1,"iceandfire:cyclops":1},"minecraft:killed":{"minecraft:skeleton":6,"minecraft:chicken":5,"minecraft:magma_cube":3,"minecraft:pig":8,"iceandfire:cyclops":1,"minecraft:sheep":4,"minecraft:pillager":1,"minecraft:zombie":1,"minecraft:cow":7},"minecraft:used":{"minecraft:stone_sword":54,"minecraft:iron_sword":101,"minecraft:cooked_chicken":3,"minecraft:iron_chestplate":1,"minecraft:obsidian":2,"minecraft:wooden_axe":19,"mahoutsukai:mystic_code":1,"minecraft:stone_bricks":1,"minecraft:furnace":6,"minecraft:cooked_beef":5,"minecraft:water_bucket":13,"minecraft:cooked_mutton":12,"minecraft:mossy_stone_bricks":2,"epicfight:skillbook":4,"minecraft:stone_pickaxe":85,"minecraft:crafting_table":10,"minecraft:white_bed":4,"minecraft:bread":1,"minecraft:melon_slice":5,"minecraft:suspicious_stew":1,"minecraft:potion":1,"minecraft:cooked_porkchop":12,"minecraft:bucket":14,"alexsmobs:animal_dictionary":3,"minecraft:oak_boat":1,"iceandfire:fire_lily":1,"minecraft:golden_pickaxe":32},"minecraft:crafted":{"minecraft:oak_planks":60,"mahoutsukai:guidebook":1,"minecraft:cooked_chicken":3,"mahoutsukai:powdered_emerald":3,"minecraft:furnace":1,"mahoutsukai:dagger":1,"minecraft:cooked_mutton":12,"mahoutsukai:powdered_iron":22,"minecraft:stone_pickaxe":1,"mahoutsukai:hammer":1,"mahoutsukai:powdered_gold":3,"minecraft:cooked_beef":5,"minecraft:sugar":1,"minecraft:red_dye":8,"minecraft:cooked_porkchop":16,"minecraft:crafting_table":1,"minecraft:wooden_pickaxe":1,"minecraft:air":0,"mahoutsukai:spell_cloth":32,"minecraft:oak_boat":1,"minecraft:paper":6,"minecraft:stick":12,"minecraft:iron_ingot":51,"minecraft:wooden_axe":1,"mahoutsukai:mystic_code":1,"minecraft:stone_sword":1,"minecraft:gold_ingot":5},"minecraft:mined":{"minecraft:white_bed":7,"minecraft:cobblestone_stairs":1,"minecraft:jungle_leaves":1,"minecraft:grass_block":2,"minecraft:furnace":6,"minecraft:iron_ore":35,"minecraft:vine":2,"minecraft:light_gray_concrete":1,"minecraft:stone":55,"mahoutsukai:mahoujin_raise_enclosure":1,"minecraft:crafting_table":9,"minecraft:poppy":9,"iceandfire:fire_lily":2,"mahoutsukai:mahoujin":1,"minecraft:tall_grass":2,"minecraft:cobblestone":1,"minecraft:sugar_cane":4,"minecraft:skeleton_skull":1,"minecraft:grass":20,"minecraft:coal_ore":11,"minecraft:oak_log":15,"minecraft:dirt":4,"minecraft:smooth_quartz":2,"minecraft:stone_bricks":1,"minecraft:mossy_stone_bricks":2,"minecraft:oak_leaves":5},"minecraft:broken":{"minecraft:golden_pickaxe":1},"minecraft:picked_up":{"minecraft:crafting_table":10,"minecraft:iron_chestplate":1,"minecraft:chicken":4,"iceandfire:fire_lily":1,"minecraft:potion":1,"minecraft:iron_leggings":1,"minecraft:beef":17,"mahoutsukai:powdered_iron":2,"minecraft:red_dye":3,"minecraft:poppy":8,"minecraft:melon_slice":5,"minecraft:sugar_cane":13,"minecraft:iron_boots":1,"minecraft:furnace":6,"minecraft:raw_iron":68,"minecraft:porkchop":16,"mahoutsukai:powdered_diamond":4,"minecraft:arrow":2,"mahoutsukai:powdered_gold":5,"minecraft:mutton":7,"minecraft:skeleton_skull":1,"minecraft:white_wool":8,"minecraft:cobblestone":50,"minecraft:purple_dye":2,"minecraft:feather":5,"minecraft:air":0,"iceandfire:sea_serpent_fang":3,"mahoutsukai:powdered_ender":3,"minecraft:leather":8,"minecraft:golden_leggings":1,"mahoutsukai:powdered_eye":4,"minecraft:oak_log":15,"minecraft:gunpowder":1,"minecraft:dirt":6,"minecraft:paper":3,"minecraft:cooked_mutton":2,"minecraft:bone":1,"minecraft:stone_bricks":2,"minecraft:wheat_seeds":1,"minecraft:raw_gold":1,"mahoutsukai:powdered_emerald":3,"minecraft:iron_ingot":5,"minecraft:mossy_stone_bricks":2,"minecraft:iron_sword":3,"minecraft:cooked_porkchop":1,"minecraft:white_bed":5,"minecraft:iron_helmet":1,"mahoutsukai:powdered_quartz":1,"minecraft:netherrack":3,"minecraft:coal":34},"minecraft:custom":{"minecraft:mob_kills":34,"minecraft:interact_with_crafting_table":21,"minecraft:open_barrel":19,"minecraft:bell_ring":4,"minecraft:leave_game":3,"minecraft:time_since_death":36092,"minecraft:climb_one_cm":19035,"minecraft:sprint_one_cm":378157,"minecraft:walk_one_cm":740459,"minecraft:drop":55,"minecraft:damage_dealt_absorbed":28,"minecraft:talked_to_villager":3,"minecraft:play_time":117608,"minecraft:deaths":2,"minecraft:sneak_time":1715,"minecraft:walk_under_water_one_cm":15662,"minecraft:boat_one_cm":187724,"minecraft:jump":2576,"minecraft:walk_on_water_one_cm":30529,"minecraft:total_world_time":117608,"minecraft:interact_with_furnace":52,"tombstone:raider_killed":1,"minecraft:sleep_in_bed":5,"minecraft:time_since_rest":11235,"minecraft:waystone_activated":4,"minecraft:damage_taken":2202,"minecraft:damage_absorbed":141,"minecraft:trigger_trapped_chest":1,"minecraft:damage_dealt":5806,"minecraft:swim_one_cm":91520,"minecraft:fly_one_cm":883637,"minecraft:open_chest":18,"minecraft:crouch_one_cm":12578,"tombstone:undead_killed":7,"minecraft:fall_one_cm":64503},"minecraft:dropped":{"minecraft:iron_sword":2,"minecraft:wheat_seeds":1,"minecraft:glass_bottle":1,"minecraft:crafting_table":1,"minecraft:cooked_porkchop":2,"minecraft:feather":5,"minecraft:leather":4,"minecraft:stick":1,"mahoutsukai:powdered_iron":18,"minecraft:dirt":6,"minecraft:gold_nugget":1,"minecraft:red_dye":6,"minecraft:sugar":1,"minecraft:paper":3,"minecraft:bone":1,"minecraft:sugar_cane":2,"minecraft:iron_nugget":4,"minecraft:stone_sword":1,"minecraft:bowl":1,"minecraft:iron_boots":1,"mahoutsukai:powdered_eye":3,"minecraft:gunpowder":1,"minecraft:skeleton_skull":1,"minecraft:leather_boots":1,"mahoutsukai:powdered_emerald":1,"minecraft:stone_bricks":1,"minecraft:arrow":2,"minecraft:wooden_pickaxe":1,"iceandfire:sea_serpent_fang":3,"minecraft:netherrack":3,"epicfight:skillbook":1}},"DataVersion":2975}