{"stats":{"minecraft:dropped":{"minecraft:bread":1,"minecraft:wheat_seeds":3,"minecraft:glass_bottle":2,"minecraft:crafting_table":1,"minecraft:prismarine_crystals":1,"minecraft:lantern":3,"minecraft:spruce_button":2,"minecraft:spruce_door":1,"minecraft:stick":1,"aquamirae:three_bolt_helmet":1,"minecraft:snowball":1,"minecraft:chain":2,"minecraft:oak_stairs":1,"minecraft:sand":64,"minecraft:redstone":1,"iceandfire:dragonbone":57,"minecraft:furnace":1,"minecraft:iron_nugget":3,"minecraft:bowl":2,"minecraft:rotten_flesh":5,"minecraft:oak_planks":1,"minecraft:flint_and_steel":1,"minecraft:suspicious_stew":1,"minecraft:lily_of_the_valley":1,"minecraft:filled_map":2,"minecraft:beetroot_seeds":3,"minecraft:melon_seeds":2,"minecraft:ladder":1,"minecraft:wooden_pickaxe":1,"aquamirae:sharp_bones":3,"minecraft:terracotta":4},"minecraft:custom":{"minecraft:mob_kills":86,"minecraft:interact_with_crafting_table":11,"minecraft:open_barrel":89,"minecraft:interact_with_campfire":9,"minecraft:leave_game":2,"minecraft:time_since_death":13259,"minecraft:climb_one_cm":30155,"minecraft:sprint_one_cm":796473,"minecraft:walk_one_cm":918636,"minecraft:drop":44,"minecraft:play_time":209360,"minecraft:deaths":6,"minecraft:sneak_time":9790,"minecraft:walk_under_water_one_cm":20797,"minecraft:jump":3228,"minecraft:interact_with_blast_furnace":1,"minecraft:walk_on_water_one_cm":26689,"minecraft:total_world_time":209360,"minecraft:interact_with_furnace":31,"tombstone:raider_killed":14,"minecraft:interact_with_cartography_table":2,"minecraft:sleep_in_bed":4,"minecraft:time_since_rest":13303,"minecraft:waystone_activated":2,"minecraft:damage_taken":5565,"minecraft:damage_dealt":16077,"minecraft:swim_one_cm":22549,"minecraft:fly_one_cm":1498849,"minecraft:player_kills":2,"minecraft:open_chest":91,"minecraft:crouch_one_cm":51335,"tombstone:undead_killed":45,"minecraft:fall_one_cm":67566},"minecraft:killed":{"minecraft:evoker":1,"minecraft:vindicator":6,"minecraft:phantom":2,"minecraft:skeleton":36,"iceandfire:siren":1,"minecraft:magma_cube":11,"aquamirae:maw":2,"aquamirae:captain_cornelia":1,"minecraft:sheep":3,"minecraft:pillager":5,"minecraft:zombie":6,"iceandfire:ghost":1,"minecraft:cow":5},"minecraft:killed_by":{"minecraft:player":1,"minecraft:skeleton":2,"minecraft:vex":1},"minecraft:broken":{"minecraft:stone_sword":2,"minecraft:wooden_axe":1},"minecraft:picked_up":{"minecraft:crafting_table":7,"minecraft:flower_pot":1,"minecraft:ladder":1,"minecraft:redstone_lamp":2,"minecraft:oak_stairs":1,"minecraft:enchanted_book":1,"minecraft:chain":4,"aquamirae:pirate_pouch":1,"minecraft:cooked_salmon":2,"minecraft:sticky_piston":5,"iceandfire:frost_lily":1,"minecraft:beef":7,"aquamirae:dead_sea_scroll":1,"minecraft:redstone_torch":1,"minecraft:coal_block":8,"minecraft:furnace":7,"minecraft:stick":1,"minecraft:raw_iron":8,"iceandfire:dragonbone":57,"aquamirae:shell_horn":1,"minecraft:torch":13,"minecraft:spruce_stairs":1,"minecraft:spruce_fence":1,"epicfight:skillbook":2,"minecraft:dried_kelp":2,"tombstone:grave_dust":5,"minecraft:prismarine_crystals":1,"minecraft:dark_oak_planks":6,"iceandfire:dragon_skull_ice":4,"minecraft:tnt":1,"minecraft:arrow":32,"minecraft:rotten_flesh":7,"minecraft:cooked_cod":1,"minecraft:beetroot_seeds":3,"aquamirae:treasure_pouch":1,"minecraft:mutton":5,"minecraft:iron_bars":4,"minecraft:snowball":18,"minecraft:white_wool":3,"minecraft:cobblestone":27,"minecraft:andesite":7,"minecraft:salmon":10,"minecraft:leather":4,"minecraft:acacia_wood":1,"aquamirae:three_bolt_helmet":1,"minecraft:potato":1,"minecraft:filled_map":1,"minecraft:dirt":20,"minecraft:lantern":3,"tombstone:gift":1,"aquamirae:fin":2,"minecraft:bone":26,"minecraft:kelp":12,"aquamirae:wisteria_niveis":2,"minecraft:wheat_seeds":3,"tombstone:bag_of_seeds":1,"minecraft:iron_sword":1,"minecraft:oak_planks":3,"minecraft:oak_slab":2,"minecraft:dark_oak_slab":1,"iceandfire:shiny_scales":1,"minecraft:sand":90,"minecraft:spruce_sapling":1,"minecraft:white_bed":4,"minecraft:spruce_log":12,"minecraft:lily_of_the_valley":2,"minecraft:spruce_door":1,"mahoutsukai:scroll_gandr":1,"minecraft:light_gray_concrete":1,"minecraft:crossbow":1,"minecraft:granite":1,"minecraft:spruce_button":1,"minecraft:emerald":6,"minecraft:terracotta":4,"minecraft:melon_seeds":2,"minecraft:coal":46},"minecraft:mined":{"minecraft:dark_oak_planks":6,"minecraft:white_bed":5,"minecraft:granite":1,"minecraft:stripped_crimson_hyphae":1,"minecraft:grass_block":13,"minecraft:spruce_fence":1,"minecraft:coal_block":8,"minecraft:spruce_leaves":5,"minecraft:sandstone":3,"minecraft:spawner":7,"minecraft:furnace":7,"minecraft:sticky_piston":5,"minecraft:iron_ore":8,"minecraft:fire":55,"minecraft:snow":6,"minecraft:andesite":7,"minecraft:oak_stairs":1,"minecraft:iron_bars":4,"minecraft:light_gray_concrete":1,"minecraft:packed_ice":29,"iceandfire:frost_lily":1,"minecraft:stone":25,"minecraft:white_wool":4,"minecraft:redstone_wall_torch":1,"minecraft:oak_slab":1,"minecraft:snow_block":64,"minecraft:spruce_door":1,"minecraft:crafting_table":6,"minecraft:torch":1,"minecraft:blast_furnace":2,"mahoutsukai:mahoujin":1,"minecraft:cobblestone":2,"minecraft:oak_planks":4,"minecraft:wall_torch":10,"minecraft:spruce_stairs":1,"minecraft:chain":3,"minecraft:dark_oak_slab":1,"aquamirae:wisteria_niveis":2,"minecraft:ice":2,"minecraft:spruce_log":13,"minecraft:birch_leaves":1,"minecraft:tnt":1,"minecraft:coal_ore":10,"minecraft:flower_pot":1,"minecraft:dirt":8,"minecraft:sand":70,"minecraft:smooth_quartz":3,"minecraft:terracotta":20,"minecraft:oak_leaves":1,"minecraft:redstone_lamp":2},"minecraft:crafted":{"minecraft:stone_shovel":1,"minecraft:spruce_button":2,"minecraft:furnace":1,"minecraft:cooked_mutton":8,"minecraft:stone_pickaxe":1,"minecraft:cooked_beef":5,"minecraft:cooked_cod":14,"minecraft:crafting_table":1,"minecraft:spruce_planks":44,"minecraft:wooden_pickaxe":1,"minecraft:air":0,"minecraft:stick":12,"minecraft:iron_ingot":4,"minecraft:wooden_axe":1,"minecraft:stone_sword":2,"minecraft:white_bed":1,"minecraft:torch":8},"minecraft:used":{"mahoutsukai:spell_cloth":1,"minecraft:iron_bars":4,"minecraft:stone_sword":262,"minecraft:iron_shovel":70,"minecraft:flint_and_steel":62,"minecraft:stone_shovel":83,"minecraft:dried_kelp":2,"iceandfire:dragon_skull_ice":1,"minecraft:iron_sword":149,"minecraft:cooked_salmon":2,"minecraft:rotten_flesh":9,"minecraft:iron_chestplate":1,"minecraft:torch":21,"minecraft:dirt":19,"iceandfire:frost_lily":1,"minecraft:spruce_stairs":1,"minecraft:granite":1,"minecraft:spruce_fence":1,"minecraft:honey_bottle":6,"minecraft:dark_oak_planks":3,"minecraft:wooden_axe":34,"aquamirae:esca":3,"minecraft:spruce_button":1,"minecraft:iron_helmet":1,"minecraft:dark_oak_slab":1,"minecraft:iron_boots":1,"aquamirae:fin":2,"aquamirae:spinefish":4,"aquamirae:sharp_bones":1,"minecraft:redstone_lamp":9,"minecraft:beef":2,"minecraft:furnace":5,"minecraft:cooked_cod":16,"tombstone:gift":3,"minecraft:potato":1,"minecraft:cooked_beef":5,"minecraft:cooked_mutton":8,"epicfight:skillbook":2,"minecraft:oak_planks":2,"minecraft:stone_pickaxe":106,"aquamirae:wisteria_niveis":2,"minecraft:wooden_pickaxe":20,"minecraft:salmon":16,"minecraft:sand":5,"mahoutsukai:rule_breaker":6,"minecraft:oak_slab":2,"minecraft:tnt":2,"minecraft:crafting_table":6,"minecraft:crossbow":29,"minecraft:white_bed":4,"minecraft:cod":6,"minecraft:spruce_log":1,"minecraft:sticky_piston":14,"tombstone:bag_of_seeds":1,"minecraft:redstone_torch":1,"minecraft:flower_pot":1,"mahoutsukai:proximity_projection_keys":5,"minecraft:apple":1,"minecraft:iron_pickaxe":37,"minecraft:bread":29,"minecraft:suspicious_stew":2,"minecraft:spruce_sapling":1,"minecraft:potion":1,"minecraft:andesite":7,"minecraft:chain":2,"alexsmobs:animal_dictionary":1}},"DataVersion":2975}