{"stats":{"minecraft:custom":{"minecraft:mob_kills":59,"minecraft:interact_with_crafting_table":11,"minecraft:open_barrel":47,"minecraft:interact_with_campfire":9,"minecraft:leave_game":1,"minecraft:time_since_death":13679,"minecraft:climb_one_cm":21240,"minecraft:sprint_one_cm":683283,"minecraft:walk_one_cm":727728,"minecraft:drop":33,"minecraft:play_time":160513,"minecraft:deaths":2,"minecraft:sneak_time":8334,"minecraft:walk_under_water_one_cm":17799,"minecraft:jump":2550,"minecraft:interact_with_blast_furnace":1,"minecraft:walk_on_water_one_cm":22583,"minecraft:total_world_time":160513,"minecraft:interact_with_furnace":31,"tombstone:raider_killed":9,"minecraft:interact_with_cartography_table":2,"minecraft:sleep_in_bed":4,"minecraft:time_since_rest":10267,"minecraft:waystone_activated":2,"minecraft:damage_taken":3172,"minecraft:damage_dealt":12043,"minecraft:swim_one_cm":14651,"minecraft:fly_one_cm":1220535,"minecraft:player_kills":2,"minecraft:open_chest":80,"minecraft:crouch_one_cm":43470,"tombstone:undead_killed":27,"minecraft:fall_one_cm":50562},"minecraft:killed_by":{"minecraft:player":1},"minecraft:broken":{"minecraft:stone_sword":2,"minecraft:wooden_axe":1},"minecraft:used":{"minecraft:iron_bars":4,"minecraft:stone_sword":262,"minecraft:iron_shovel":70,"minecraft:flint_and_steel":62,"minecraft:stone_shovel":83,"minecraft:dried_kelp":2,"minecraft:iron_sword":84,"minecraft:cooked_salmon":2,"minecraft:rotten_flesh":9,"minecraft:iron_chestplate":1,"minecraft:torch":13,"minecraft:dirt":19,"iceandfire:frost_lily":1,"minecraft:spruce_fence":1,"minecraft:granite":1,"minecraft:wooden_axe":34,"minecraft:dark_oak_planks":3,"aquamirae:esca":3,"minecraft:spruce_button":1,"minecraft:iron_helmet":1,"minecraft:dark_oak_slab":1,"minecraft:iron_boots":1,"aquamirae:fin":2,"aquamirae:spinefish":4,"minecraft:redstone_lamp":6,"aquamirae:sharp_bones":1,"minecraft:beef":2,"minecraft:furnace":5,"minecraft:cooked_cod":14,"tombstone:gift":3,"minecraft:cooked_beef":5,"minecraft:potato":1,"minecraft:cooked_mutton":8,"epicfight:skillbook":2,"aquamirae:wisteria_niveis":2,"minecraft:stone_pickaxe":98,"minecraft:oak_planks":2,"minecraft:wooden_pickaxe":20,"minecraft:salmon":15,"minecraft:sand":5,"minecraft:tnt":2,"minecraft:oak_slab":2,"minecraft:crafting_table":6,"minecraft:white_bed":4,"minecraft:cod":4,"minecraft:spruce_log":1,"minecraft:redstone_torch":1,"tombstone:bag_of_seeds":1,"minecraft:apple":1,"minecraft:bread":14,"minecraft:spruce_sapling":1,"minecraft:potion":1,"minecraft:andesite":7,"minecraft:chain":2,"alexsmobs:animal_dictionary":1},"minecraft:crafted":{"minecraft:stone_shovel":1,"minecraft:spruce_button":2,"minecraft:furnace":1,"minecraft:cooked_mutton":8,"minecraft:stone_pickaxe":1,"minecraft:cooked_beef":5,"minecraft:cooked_cod":14,"minecraft:crafting_table":1,"minecraft:spruce_planks":44,"minecraft:wooden_pickaxe":1,"minecraft:air":0,"minecraft:stick":12,"minecraft:iron_ingot":4,"minecraft:wooden_axe":1,"minecraft:stone_sword":2,"minecraft:white_bed":1,"minecraft:torch":8},"minecraft:picked_up":{"minecraft:crafting_table":6,"minecraft:ladder":1,"minecraft:oak_stairs":1,"minecraft:enchanted_book":1,"minecraft:chain":4,"aquamirae:pirate_pouch":1,"minecraft:cooked_salmon":2,"iceandfire:frost_lily":1,"aquamirae:dead_sea_scroll":1,"minecraft:beef":7,"minecraft:redstone_torch":1,"minecraft:coal_block":8,"minecraft:furnace":7,"minecraft:stick":1,"minecraft:raw_iron":8,"iceandfire:dragonbone":57,"aquamirae:shell_horn":1,"minecraft:torch":7,"minecraft:spruce_fence":1,"epicfight:skillbook":2,"minecraft:dried_kelp":2,"tombstone:grave_dust":2,"minecraft:dark_oak_planks":6,"iceandfire:dragon_skull_ice":3,"minecraft:tnt":1,"minecraft:arrow":19,"minecraft:cooked_cod":1,"minecraft:rotten_flesh":7,"minecraft:beetroot_seeds":3,"aquamirae:treasure_pouch":1,"minecraft:mutton":5,"minecraft:iron_bars":4,"minecraft:snowball":18,"minecraft:white_wool":3,"minecraft:cobblestone":27,"minecraft:salmon":10,"minecraft:andesite":7,"minecraft:leather":4,"minecraft:potato":1,"minecraft:filled_map":1,"minecraft:dirt":20,"minecraft:lantern":3,"tombstone:gift":1,"aquamirae:fin":2,"minecraft:bone":23,"minecraft:kelp":12,"aquamirae:wisteria_niveis":2,"minecraft:wheat_seeds":3,"tombstone:bag_of_seeds":1,"minecraft:oak_planks":3,"minecraft:oak_slab":2,"minecraft:dark_oak_slab":1,"minecraft:sand":90,"minecraft:spruce_sapling":1,"minecraft:white_bed":4,"minecraft:spruce_log":12,"minecraft:light_gray_concrete":1,"minecraft:granite":1,"minecraft:spruce_button":1,"minecraft:emerald":5,"minecraft:melon_seeds":2,"minecraft:coal":46},"minecraft:dropped":{"minecraft:bread":1,"minecraft:wheat_seeds":3,"minecraft:glass_bottle":1,"minecraft:lantern":3,"minecraft:spruce_button":2,"minecraft:stick":1,"minecraft:snowball":1,"minecraft:chain":2,"minecraft:oak_stairs":1,"minecraft:sand":64,"minecraft:redstone":1,"iceandfire:dragonbone":57,"minecraft:furnace":1,"minecraft:iron_nugget":3,"minecraft:rotten_flesh":5,"minecraft:oak_planks":1,"minecraft:filled_map":2,"minecraft:beetroot_seeds":3,"minecraft:melon_seeds":2,"minecraft:ladder":1,"minecraft:wooden_pickaxe":1,"aquamirae:sharp_bones":3},"minecraft:mined":{"minecraft:dark_oak_planks":6,"minecraft:white_bed":5,"minecraft:granite":1,"minecraft:stripped_crimson_hyphae":1,"minecraft:spruce_fence":1,"minecraft:grass_block":13,"minecraft:coal_block":8,"minecraft:spruce_leaves":5,"minecraft:sandstone":3,"minecraft:spawner":5,"minecraft:furnace":7,"minecraft:iron_ore":8,"minecraft:fire":15,"minecraft:snow":6,"minecraft:andesite":7,"minecraft:iron_bars":4,"minecraft:oak_stairs":1,"minecraft:light_gray_concrete":1,"minecraft:packed_ice":29,"iceandfire:frost_lily":1,"minecraft:stone":25,"minecraft:white_wool":4,"minecraft:redstone_wall_torch":1,"minecraft:oak_slab":1,"minecraft:snow_block":64,"minecraft:crafting_table":6,"mahoutsukai:mahoujin":1,"minecraft:cobblestone":2,"minecraft:oak_planks":4,"minecraft:wall_torch":6,"minecraft:chain":3,"minecraft:dark_oak_slab":1,"aquamirae:wisteria_niveis":2,"minecraft:ice":2,"minecraft:spruce_log":13,"minecraft:tnt":1,"minecraft:coal_ore":10,"minecraft:smooth_quartz":3,"minecraft:dirt":8,"minecraft:sand":70,"minecraft:redstone_lamp":1},"minecraft:killed":{"minecraft:vindicator":6,"minecraft:skeleton":20,"minecraft:magma_cube":11,"aquamirae:maw":1,"aquamirae:captain_cornelia":1,"minecraft:sheep":3,"minecraft:pillager":3,"minecraft:zombie":6,"iceandfire:ghost":1,"minecraft:cow":5}},"DataVersion":2975}