{"stats":{"minecraft:custom":{"minecraft:interact_with_furnace":8,"minecraft:mob_kills":17,"tombstone:raider_killed":8,"minecraft:interact_with_crafting_table":7,"minecraft:open_barrel":10,"minecraft:leave_game":2,"minecraft:time_since_death":27758,"minecraft:climb_one_cm":166,"minecraft:time_since_rest":27812,"minecraft:sprint_one_cm":129563,"minecraft:damage_taken":652,"minecraft:walk_one_cm":188442,"minecraft:damage_blocked_by_shield":40,"minecraft:drop":25,"minecraft:damage_dealt":3481,"minecraft:damage_dealt_absorbed":9,"minecraft:swim_one_cm":27878,"minecraft:fly_one_cm":101020,"minecraft:player_kills":1,"minecraft:open_chest":14,"minecraft:crouch_one_cm":54,"minecraft:play_time":29672,"tombstone:undead_killed":1,"minecraft:deaths":1,"minecraft:sneak_time":273,"minecraft:walk_under_water_one_cm":7608,"minecraft:jump":372,"minecraft:walk_on_water_one_cm":6008,"minecraft:total_world_time":29672,"minecraft:fall_one_cm":11441},"minecraft:killed_by":{"minecraft:player":1},"minecraft:used":{"minecraft:stone_shovel":118,"minecraft:shield":1,"minecraft:iron_sword":50,"minecraft:dirt":5,"minecraft:crafting_table":5,"minecraft:iron_pickaxe":25,"minecraft:iron_boots":1,"minecraft:stone_axe":32,"minecraft:cooked_porkchop":5,"minecraft:furnace":1,"minecraft:cooked_cod":1},"minecraft:crafted":{"antiqueatlas:empty_antique_atlas":1,"minecraft:stone_shovel":1,"minecraft:cooked_porkchop":12,"minecraft:crafting_table":2,"minecraft:spruce_planks":52,"minecraft:iron_sword":1,"minecraft:furnace":1,"minecraft:stone_axe":1,"minecraft:air":0,"minecraft:charcoal":1,"minecraft:shield":1,"minecraft:stick":8,"minecraft:iron_pickaxe":1,"minecraft:compass":1},"minecraft:dropped":{"alexsmobs:animal_dictionary":1,"antiqueatlas:antique_atlas":2,"minecraft:filled_map":4,"minecraft:leather_chestplate":1,"minecraft:dirt":4,"minecraft:ice":4,"minecraft:spruce_planks":19,"minecraft:cooked_salmon":2,"minecraft:chain":1,"minecraft:sand":130,"minecraft:dark_oak_planks":3,"minecraft:bone":1},"minecraft:picked_up":{"minecraft:crafting_table":4,"minecraft:filled_map":2,"minecraft:ice":4,"minecraft:chain":1,"minecraft:dirt":9,"antiqueatlas:antique_atlas":2,"minecraft:bone":1,"minecraft:furnace":1,"minecraft:stick":1,"minecraft:porkchop":12,"minecraft:sand":130,"minecraft:spruce_log":14,"minecraft:redstone":1,"minecraft:dark_oak_planks":3,"minecraft:oak_wood":2,"minecraft:arrow":2,"minecraft:coal":3,"minecraft:snowball":1,"minecraft:white_wool":3,"minecraft:cobblestone":21},"minecraft:mined":{"minecraft:dark_oak_planks":3,"minecraft:crafting_table":4,"minecraft:oak_wood":2,"minecraft:grass_block":6,"mahoutsukai:mahoujin":1,"minecraft:spawner":1,"minecraft:furnace":1,"minecraft:snow":1,"minecraft:spruce_log":14,"minecraft:coal_ore":2,"minecraft:sand":120,"minecraft:dirt":3,"minecraft:packed_ice":23,"minecraft:stone":21,"minecraft:white_wool":2},"minecraft:killed":{"minecraft:pig":6,"alexsmobs:seal":1,"minecraft:vindicator":2,"minecraft:skeleton":1,"minecraft:pillager":6,"alexsmobs:comb_jelly":1}},"DataVersion":2975}