{"stats":{"minecraft:dropped":{"minecraft:acacia_wood":1,"alexsmobs:animal_dictionary":1,"minecraft:bowl":1,"minecraft:stone_shovel":1,"minecraft:cobblestone":9,"minecraft:iron_helmet":1,"minecraft:oak_planks":8,"minecraft:granite":1,"iceandfire:dragon_skull_ice":1,"antiqueatlas:antique_atlas":2,"minecraft:coal":1,"minecraft:lily_of_the_valley":1,"minecraft:item_frame":1,"minecraft:filled_map":7,"aquamirae:three_bolt_helmet":2,"minecraft:dirt":4,"minecraft:leather_chestplate":1,"minecraft:ice":4,"minecraft:spruce_planks":19,"minecraft:snowball":1,"minecraft:cooked_salmon":2,"minecraft:redstone_torch":3,"minecraft:chain":1,"minecraft:gold_nugget":4,"minecraft:sand":130,"minecraft:arrow":2,"minecraft:nautilus_shell":1,"aquamirae:frozen_key":1,"minecraft:dark_oak_planks":3,"minecraft:white_wool":6,"minecraft:bone":1,"minecraft:terracotta":8},"minecraft:killed":{"aquamirae:maw":5,"minecraft:pig":6,"alexsmobs:raccoon":1,"alexsmobs:seal":1,"minecraft:vindicator":2,"minecraft:skeleton":4,"minecraft:pillager":6,"minecraft:bee":3,"alexsmobs:comb_jelly":1},"minecraft:custom":{"minecraft:interact_with_furnace":8,"minecraft:mob_kills":32,"tombstone:raider_killed":8,"minecraft:interact_with_crafting_table":7,"minecraft:open_barrel":18,"minecraft:interact_with_campfire":1,"minecraft:leave_game":3,"minecraft:time_since_death":4194,"minecraft:climb_one_cm":7263,"minecraft:time_since_rest":4229,"minecraft:sprint_one_cm":282169,"minecraft:damage_taken":2352,"minecraft:walk_one_cm":433240,"minecraft:damage_blocked_by_shield":1100,"minecraft:drop":52,"minecraft:damage_dealt":6718,"minecraft:damage_dealt_absorbed":9,"minecraft:swim_one_cm":54896,"minecraft:fly_one_cm":282570,"minecraft:player_kills":1,"minecraft:open_chest":16,"minecraft:crouch_one_cm":744,"minecraft:play_time":64347,"tombstone:undead_killed":4,"minecraft:deaths":3,"minecraft:sneak_time":729,"minecraft:walk_under_water_one_cm":11822,"minecraft:jump":977,"minecraft:walk_on_water_one_cm":16378,"minecraft:total_world_time":64347,"minecraft:fall_one_cm":28056},"minecraft:killed_by":{"minecraft:player":1,"minecraft:skeleton":1,"minecraft:vex":1},"minecraft:mined":{"minecraft:dark_oak_planks":3,"minecraft:granite":2,"minecraft:crafting_table":4,"minecraft:oak_wood":2,"minecraft:grass_block":6,"mahoutsukai:mahoujin":1,"minecraft:spawner":4,"minecraft:light_blue_bed":1,"minecraft:furnace":1,"minecraft:acacia_wood":1,"minecraft:ice":1,"minecraft:fire":15,"minecraft:snow":1,"minecraft:spruce_log":14,"minecraft:birch_leaves":6,"minecraft:coal_ore":2,"minecraft:gravel":4,"minecraft:sand":120,"minecraft:dirt":3,"minecraft:packed_ice":24,"minecraft:terracotta":5,"minecraft:stone":26,"minecraft:white_wool":2},"minecraft:picked_up":{"minecraft:nautilus_shell":1,"minecraft:crafting_table":4,"minecraft:leather_chestplate":1,"minecraft:leather_leggings":1,"minecraft:acacia_wood":1,"aquamirae:three_bolt_helmet":3,"minecraft:filled_map":4,"minecraft:ice":4,"minecraft:chain":1,"minecraft:white_banner":1,"minecraft:dirt":9,"aquamirae:fin":4,"antiqueatlas:antique_atlas":2,"minecraft:cooked_salmon":3,"minecraft:item_frame":1,"minecraft:bone":8,"minecraft:redstone_torch":3,"minecraft:birch_sapling":1,"minecraft:furnace":1,"iceandfire:dragonbone":16,"aquamirae:frozen_key":1,"minecraft:stick":1,"aquamirae:ship_graveyard_echo":1,"minecraft:gravel":4,"minecraft:bowl":1,"minecraft:porkchop":12,"minecraft:sand":130,"minecraft:light_blue_bed":1,"minecraft:lily_of_the_valley":1,"minecraft:spruce_log":14,"minecraft:redstone":1,"minecraft:dark_oak_planks":3,"iceandfire:dragon_skull_ice":1,"minecraft:oak_wood":2,"minecraft:arrow":4,"minecraft:granite":2,"minecraft:totem_of_undying":1,"minecraft:emerald":6,"aquamirae:treasure_pouch":1,"minecraft:terracotta":10,"tombstone:magic_scroll":1,"minecraft:coal":3,"minecraft:snowball":1,"minecraft:white_wool":6,"minecraft:cobblestone":26},"minecraft:crafted":{"antiqueatlas:empty_antique_atlas":1,"minecraft:oak_planks":8,"minecraft:stone_shovel":1,"minecraft:cooked_porkchop":12,"minecraft:crafting_table":2,"minecraft:spruce_planks":52,"minecraft:iron_sword":1,"minecraft:furnace":1,"minecraft:stone_axe":1,"minecraft:air":0,"minecraft:charcoal":1,"minecraft:shield":2,"minecraft:stick":8,"minecraft:compass":1,"minecraft:iron_pickaxe":1},"minecraft:used":{"aquamirae:three_bolt_helmet":1,"minecraft:stone_shovel":121,"minecraft:shield":21,"minecraft:iron_sword":122,"minecraft:cooked_salmon":3,"minecraft:dirt":5,"minecraft:crafting_table":5,"minecraft:apple":8,"minecraft:bread":6,"minecraft:iron_pickaxe":61,"tombstone:magic_scroll":1,"minecraft:iron_boots":1,"minecraft:stone_axe":32,"minecraft:furnace":1,"minecraft:cooked_cod":2,"minecraft:cooked_porkchop":12}},"DataVersion":2975}