{"stats":{"minecraft:killed_by":{"minecraft:husk":1,"iceandfire:cyclops":1,"minecraft:piglin_brute":1,"iceandfire:sea_serpent":1},"minecraft:killed":{"iceandfire:gorgon":1,"minecraft:spider":3,"alexsmobs:seagull":3,"minecraft:skeleton":14,"alexsmobs:leafcutter_ant":3,"minecraft:chicken":9,"minecraft:drowned":1,"minecraft:piglin_brute":4,"minecraft:magma_cube":8,"minecraft:husk":4,"minecraft:pig":7,"minecraft:creeper":3,"alexsmobs:emu":1,"minecraft:sheep":16,"minecraft:pillager":5,"minecraft:zombie":12,"alexsmobs:elephant":1,"alexsmobs:toucan":1,"alexsmobs:gazelle":9,"minecraft:enderman":1,"iceandfire:sea_serpent":1},"minecraft:used":{"minecraft:stone_sword":59,"minecraft:iron_shovel":6,"minecraft:stone_shovel":37,"minecraft:shield":13,"minecraft:iron_sword":181,"minecraft:rotten_flesh":11,"minecraft:cooked_salmon":2,"minecraft:cooked_chicken":8,"minecraft:mutton":3,"minecraft:jungle_planks":3,"minecraft:wooden_axe":4,"minecraft:iron_boots":1,"minecraft:furnace":8,"minecraft:cooked_cod":4,"tombstone:gift":4,"minecraft:iron_leggings":1,"minecraft:cooked_mutton":18,"epicfight:skillbook":3,"minecraft:iron_ore":29,"minecraft:stone_pickaxe":29,"minecraft:ender_pearl":2,"minecraft:wooden_pickaxe":4,"minecraft:crafting_table":15,"minecraft:white_bed":8,"alexsmobs:leafcutter_ant_pupa":1,"waystones:waystone":2,"minecraft:melon_slice":31,"minecraft:bread":2,"minecraft:iron_pickaxe":153,"tombstone:magic_scroll":1,"minecraft:golden_leggings":1,"minecraft:wooden_sword":17,"minecraft:cobblestone":25,"minecraft:cooked_porkchop":10,"minecraft:oak_boat":1,"iceandfire:fire_lily":1,"epicfight:uchigatana":211,"minecraft:golden_pickaxe":48},"minecraft:crafted":{"minecraft:wooden_sword":1,"minecraft:oak_planks":20,"minecraft:stone_shovel":1,"minecraft:cooked_chicken":11,"minecraft:furnace":3,"minecraft:cooked_mutton":24,"minecraft:iron_boots":1,"minecraft:stone_pickaxe":1,"minecraft:red_dye":1,"minecraft:cooked_porkchop":8,"minecraft:crafting_table":4,"minecraft:wooden_pickaxe":1,"minecraft:iron_sword":1,"minecraft:bread":3,"minecraft:air":0,"minecraft:jungle_planks":56,"minecraft:blue_dye":2,"minecraft:oak_boat":1,"minecraft:purple_dye":2,"minecraft:iron_chestplate":1,"minecraft:shield":1,"minecraft:stick":24,"minecraft:iron_pickaxe":1,"minecraft:wooden_axe":1,"minecraft:stone_sword":1,"minecraft:iron_shovel":1,"minecraft:iron_leggings":1,"minecraft:white_bed":2,"minecraft:acacia_planks":4},"minecraft:mined":{"minecraft:white_bed":5,"alexsmobs:leafcutter_anthill":1,"minecraft:jungle_leaves":5,"minecraft:granite":1,"minecraft:acacia_log":1,"minecraft:jungle_planks":3,"minecraft:jungle_log":15,"alexsmobs:leafcutter_ant_chamber":1,"minecraft:sandstone":3,"minecraft:spawner":5,"minecraft:magma_block":1,"minecraft:furnace":5,"minecraft:iron_ore":47,"minecraft:vine":4,"minecraft:light_gray_concrete":1,"minecraft:stone":71,"mahoutsukai:mahoujin_raise_enclosure":1,"minecraft:cornflower":2,"minecraft:crafting_table":12,"minecraft:emerald_ore":2,"minecraft:poppy":1,"minecraft:melon":8,"mahoutsukai:mahoujin":2,"minecraft:skeleton_skull":1,"minecraft:coarse_dirt":1,"minecraft:grass":8,"minecraft:oak_log":5,"minecraft:coal_ore":80,"minecraft:sand":27,"minecraft:dirt":1,"minecraft:netherrack":4,"minecraft:gold_ore":1,"minecraft:oak_leaves":3,"minecraft:fern":2},"minecraft:picked_up":{"minecraft:crafting_table":12,"minecraft:wheat":1,"minecraft:chicken":9,"minecraft:golden_pickaxe":3,"iceandfire:fire_lily":1,"minecraft:cornflower":2,"minecraft:string":1,"iceandfire:sea_serpent_scales_teal":5,"alexsmobs:gazelle_horn":6,"alexsmobs:emu_feather":1,"minecraft:jungle_sapling":2,"minecraft:poppy":1,"minecraft:smooth_quartz":2,"minecraft:melon_slice":36,"minecraft:furnace":5,"minecraft:raw_iron":47,"minecraft:stick":1,"minecraft:sandstone":3,"minecraft:acacia_log":1,"epicfight:skillbook":2,"minecraft:porkchop":14,"tombstone:grave_dust":4,"minecraft:netherite_pickaxe":1,"alexsmobs:leafcutter_ant_pupa":1,"iceandfire:cyclops_eye":1,"minecraft:arrow":17,"minecraft:rotten_flesh":15,"minecraft:mutton":36,"minecraft:skeleton_skull":1,"minecraft:white_wool":16,"minecraft:cobblestone":77,"minecraft:magma_block":1,"minecraft:feather":17,"iceandfire:sea_serpent_fang":3,"minecraft:glow_ink_sac":3,"minecraft:jungle_log":14,"minecraft:leather":4,"minecraft:golden_leggings":2,"minecraft:oak_log":5,"minecraft:gunpowder":4,"minecraft:dirt":6,"tombstone:gift":1,"minecraft:leather_boots":1,"minecraft:bone":11,"minecraft:acacia_planks":1,"minecraft:bow":1,"minecraft:wheat_seeds":5,"minecraft:raw_gold":1,"minecraft:cooked_porkchop":2,"minecraft:jungle_planks":4,"minecraft:sand":24,"minecraft:grass_block":1,"minecraft:white_bed":7,"minecraft:spider_eye":1,"minecraft:light_gray_concrete":1,"minecraft:bundle":1,"waystones:waystone":4,"minecraft:emerald":2,"iceandfire:gorgon_head":1,"tombstone:magic_scroll":2,"minecraft:coal":204},"minecraft:custom":{"minecraft:mob_kills":114,"minecraft:interact_with_crafting_table":24,"minecraft:open_barrel":9,"minecraft:leave_game":3,"minecraft:time_since_death":36862,"minecraft:climb_one_cm":21331,"minecraft:sprint_one_cm":640220,"minecraft:walk_one_cm":872547,"minecraft:damage_blocked_by_shield":645,"minecraft:drop":103,"minecraft:damage_dealt_absorbed":1680,"minecraft:talked_to_villager":2,"minecraft:play_time":166500,"minecraft:deaths":7,"minecraft:sneak_time":1316,"minecraft:walk_under_water_one_cm":26640,"minecraft:boat_one_cm":258230,"minecraft:jump":2711,"minecraft:walk_on_water_one_cm":42393,"minecraft:total_world_time":166500,"minecraft:interact_with_furnace":43,"tombstone:raider_killed":5,"minecraft:raid_trigger":1,"minecraft:sleep_in_bed":6,"minecraft:time_since_rest":11288,"minecraft:waystone_activated":2,"minecraft:damage_taken":5001,"minecraft:damage_dealt":21827,"minecraft:swim_one_cm":181414,"minecraft:player_kills":1,"minecraft:fly_one_cm":646265,"minecraft:open_chest":26,"minecraft:crouch_one_cm":4619,"tombstone:undead_killed":32,"minecraft:fall_one_cm":75438,"minecraft:inspect_dispenser":1},"minecraft:dropped":{"minecraft:enchanted_book":1,"minecraft:iron_ingot":5,"minecraft:iron_sword":3,"minecraft:wheat_seeds":5,"minecraft:glow_ink_sac":3,"minecraft:golden_pickaxe":4,"minecraft:feather":17,"minecraft:iron_helmet":1,"minecraft:cobblestone":20,"minecraft:jungle_planks":2,"minecraft:purple_dye":2,"minecraft:grass_block":1,"minecraft:stick":5,"iceandfire:sea_serpent_scales_teal":5,"minecraft:dirt":6,"tombstone:grave_key":2,"minecraft:mutton":2,"minecraft:smooth_quartz":2,"minecraft:melon_slice":5,"tombstone:grave_dust":2,"minecraft:potion":2,"minecraft:iron_leggings":3,"minecraft:jungle_sapling":2,"alexsmobs:emu_feather":1,"minecraft:wooden_sword":1,"minecraft:sand":24,"minecraft:string":1,"minecraft:white_wool":10,"minecraft:acacia_planks":2,"minecraft:bone":11,"alexsmobs:gazelle_horn":6,"minecraft:wheat":3,"tombstone:gift":1,"minecraft:stone_shovel":1,"minecraft:rotten_flesh":7,"minecraft:iron_boots":1,"minecraft:cooked_mutton":2,"minecraft:light_gray_concrete":1,"minecraft:filled_map":2,"minecraft:shield":1,"minecraft:gunpowder":2,"minecraft:bundle":1,"minecraft:skeleton_skull":1,"minecraft:iron_chestplate":2,"minecraft:leather_boots":1,"minecraft:golden_leggings":2,"minecraft:spider_eye":1,"minecraft:sandstone":3,"minecraft:raw_gold":1,"minecraft:arrow":17,"minecraft:bow":1,"minecraft:wooden_pickaxe":2,"minecraft:stone_pickaxe":1,"iceandfire:sea_serpent_fang":3,"minecraft:magma_block":1}},"DataVersion":2975}