{"stats":{"minecraft:custom":{"minecraft:interact_with_furnace":6,"minecraft:mob_kills":3,"tombstone:raider_killed":1,"minecraft:interact_with_crafting_table":8,"minecraft:open_barrel":33,"minecraft:leave_game":2,"minecraft:time_since_death":13789,"minecraft:sleep_in_bed":2,"minecraft:climb_one_cm":2685,"minecraft:time_since_rest":10267,"minecraft:sprint_one_cm":77588,"minecraft:damage_taken":1767,"minecraft:walk_one_cm":397880,"minecraft:drop":36,"minecraft:damage_dealt":1379,"minecraft:damage_dealt_absorbed":16,"minecraft:swim_one_cm":2809,"minecraft:fly_one_cm":123661,"minecraft:open_chest":31,"minecraft:crouch_one_cm":10161,"minecraft:play_time":57561,"tombstone:undead_killed":2,"minecraft:deaths":3,"minecraft:sneak_time":2021,"minecraft:walk_under_water_one_cm":6455,"minecraft:interact_with_lectern":2,"minecraft:jump":679,"minecraft:walk_on_water_one_cm":13743,"minecraft:total_world_time":57561,"minecraft:fall_one_cm":12744,"minecraft:inspect_dispenser":1},"minecraft:killed_by":{"minecraft:player":1,"aquamirae:captain_cornelia":1},"minecraft:broken":{"minecraft:golden_sword":1},"minecraft:used":{"minecraft:flint_and_steel":9,"minecraft:dried_kelp":2,"minecraft:iron_sword":6,"minecraft:rotten_flesh":3,"minecraft:salmon":14,"minecraft:dirt":15,"minecraft:crafting_table":2,"minecraft:chainmail_chestplate":1,"minecraft:white_bed":5,"minecraft:cod":2,"minecraft:snowball":114,"minecraft:bread":1,"minecraft:melon_slice":2,"aquamirae:spinefish":4,"minecraft:golden_sword":32,"aquamirae:sharp_bones":1,"tombstone:gift":2},"minecraft:crafted":{"minecraft:cooked_cod":6,"minecraft:crafting_table":1,"minecraft:spruce_planks":4,"minecraft:iron_sword":1,"minecraft:air":0,"minecraft:shield":2,"minecraft:stick":4},"minecraft:dropped":{"minecraft:dark_oak_slab":3,"antiqueatlas:antique_atlas":1,"minecraft:salmon":13,"minecraft:stick":3,"minecraft:dirt":1,"aquamirae:dead_sea_scroll":1,"minecraft:shield":2,"minecraft:ice":4,"minecraft:dried_kelp":1,"aquamirae:sharp_bones":16},"minecraft:picked_up":{"minecraft:crafting_table":2,"minecraft:salmon":4,"minecraft:filled_map":1,"minecraft:shield":2,"aquamirae:sharp_bones":17,"antiqueatlas:antique_atlas":1,"minecraft:dirt":16,"minecraft:white_banner":1,"minecraft:lantern":5,"minecraft:item_frame":1,"minecraft:spruce_planks":19,"minecraft:written_book":1,"minecraft:iron_nugget":3,"minecraft:lectern":1,"minecraft:melon_slice":5,"minecraft:stick":3,"iceandfire:dragonbone":48,"minecraft:dark_oak_slab":3,"minecraft:dried_kelp":3,"minecraft:white_bed":5,"minecraft:spruce_log":1,"minecraft:dark_oak_planks":3,"iceandfire:dragon_skull_ice":1,"minecraft:rotten_flesh":3,"minecraft:bread":1,"minecraft:emerald":3,"minecraft:snowball":114,"minecraft:skeleton_skull":1},"minecraft:mined":{"minecraft:dark_oak_planks":4,"minecraft:white_bed":4,"minecraft:crafting_table":2,"minecraft:melon":1,"minecraft:lectern":1,"minecraft:skeleton_skull":1,"minecraft:dark_oak_slab":2,"minecraft:fire":1,"minecraft:spruce_log":1,"minecraft:dark_oak_stairs":1,"minecraft:dirt":1},"minecraft:killed":{"minecraft:vindicator":1,"minecraft:zombie":2}},"DataVersion":2975}