{"stats":{"minecraft:dropped":{"minecraft:iron_sword":1,"minecraft:bowl":1,"minecraft:dark_oak_slab":3,"antiqueatlas:antique_atlas":1,"minecraft:salmon":13,"minecraft:stick":3,"aquamirae:three_bolt_helmet":1,"minecraft:leather_chestplate":1,"minecraft:dirt":1,"aquamirae:dead_sea_scroll":1,"minecraft:shield":2,"minecraft:ice":4,"minecraft:leather_leggings":1,"minecraft:redstone_torch":3,"minecraft:dried_kelp":1,"minecraft:nautilus_shell":1,"aquamirae:sharp_bones":16},"minecraft:killed":{"minecraft:piglin":1,"aquamirae:maw":2,"alexsmobs:seal":2,"minecraft:vindicator":1,"minecraft:zombie":2,"minecraft:piglin_brute":1,"iceandfire:sea_serpent":1},"minecraft:custom":{"minecraft:interact_with_furnace":6,"minecraft:mob_kills":8,"tombstone:raider_killed":1,"minecraft:interact_with_crafting_table":8,"minecraft:open_barrel":73,"minecraft:interact_with_campfire":5,"minecraft:leave_game":3,"minecraft:time_since_death":702,"minecraft:sleep_in_bed":2,"minecraft:climb_one_cm":8940,"minecraft:time_since_rest":860,"minecraft:sprint_one_cm":156241,"minecraft:damage_taken":2912,"minecraft:walk_one_cm":640228,"minecraft:damage_blocked_by_shield":60,"minecraft:drop":45,"minecraft:damage_dealt":2948,"minecraft:damage_dealt_absorbed":16,"minecraft:swim_one_cm":7143,"minecraft:fly_one_cm":235563,"minecraft:open_chest":35,"minecraft:crouch_one_cm":19021,"minecraft:play_time":89251,"tombstone:undead_killed":2,"minecraft:deaths":5,"minecraft:sneak_time":3738,"minecraft:walk_under_water_one_cm":13710,"minecraft:interact_with_lectern":2,"minecraft:jump":1128,"minecraft:walk_on_water_one_cm":26866,"minecraft:total_world_time":89251,"minecraft:fall_one_cm":26061,"minecraft:inspect_dispenser":1},"minecraft:killed_by":{"minecraft:player":1,"aquamirae:captain_cornelia":1,"minecraft:vex":1},"minecraft:broken":{"minecraft:golden_sword":1},"minecraft:picked_up":{"minecraft:crafting_table":2,"iceandfire:sea_serpent_fang":9,"minecraft:suspicious_stew":1,"minecraft:salmon":4,"aquamirae:three_bolt_helmet":1,"minecraft:filled_map":1,"minecraft:shield":2,"aquamirae:sharp_bones":17,"minecraft:white_banner":1,"minecraft:dirt":16,"minecraft:lantern":6,"antiqueatlas:antique_atlas":1,"aquamirae:fin":4,"minecraft:cooked_salmon":3,"minecraft:item_frame":1,"minecraft:spruce_planks":19,"minecraft:redstone_torch":7,"minecraft:written_book":1,"minecraft:iron_nugget":3,"minecraft:lectern":1,"minecraft:melon_slice":5,"iceandfire:sea_serpent_scales_deepblue":8,"minecraft:iron_sword":1,"minecraft:stick":3,"minecraft:dark_oak_slab":3,"iceandfire:dragonbone":48,"minecraft:bowl":1,"minecraft:torch":5,"minecraft:dried_kelp":3,"minecraft:blast_furnace":1,"minecraft:white_bed":5,"minecraft:spruce_log":1,"minecraft:dark_oak_planks":3,"iceandfire:dragon_skull_ice":2,"minecraft:rotten_flesh":3,"minecraft:emerald":4,"minecraft:bread":1,"minecraft:snowball":114,"minecraft:skeleton_skull":1},"minecraft:mined":{"minecraft:dark_oak_planks":4,"minecraft:white_bed":4,"minecraft:crafting_table":2,"minecraft:melon":1,"minecraft:lectern":1,"minecraft:skeleton_skull":1,"minecraft:dark_oak_slab":2,"minecraft:fire":7,"minecraft:ice":5,"minecraft:spruce_log":1,"minecraft:birch_leaves":2,"minecraft:dark_oak_stairs":1,"minecraft:dirt":1,"minecraft:oak_leaves":2,"minecraft:redstone_wall_torch":7},"minecraft:crafted":{"minecraft:cooked_cod":6,"minecraft:crafting_table":1,"minecraft:spruce_planks":4,"minecraft:iron_sword":1,"minecraft:air":0,"minecraft:shield":2,"minecraft:stick":8,"minecraft:redstone_torch":3},"minecraft:used":{"minecraft:flint_and_steel":39,"minecraft:dried_kelp":2,"minecraft:spruce_planks":11,"minecraft:shield":2,"minecraft:iron_sword":49,"minecraft:cooked_salmon":3,"minecraft:rotten_flesh":3,"minecraft:salmon":14,"minecraft:dirt":15,"minecraft:crafting_table":2,"minecraft:chainmail_chestplate":1,"minecraft:white_bed":5,"minecraft:cod":5,"minecraft:snowball":114,"minecraft:redstone_torch":7,"minecraft:bread":1,"minecraft:melon_slice":5,"aquamirae:spinefish":6,"minecraft:golden_sword":32,"aquamirae:sharp_bones":1,"minecraft:cooked_cod":6,"tombstone:gift":2}},"DataVersion":2975}